"f_dying","bias_cyfer","bias_naive","bias_oracle","cor_cyfer","cor_naive","cor_oracle","cor_fate","mean_adapt_cyfer","mean_adapt_naive","mean_adapt_oracle","mean_adapt_true"
0.1,0.0235988629782492,0.510319629902625,0.00215734906644632,0.408780659958623,0.924849318251724,0.941270621562838,0.591882272378264,1.7521803970873,2.23890116401168,1.7307388831755,1.72858153410905
0.1,0.917414677836115,0.508156469663284,0.00307825061480399,0.184143117236156,0.926300290246691,0.942970463842205,-0.417057884362412,2.6337711892015,2.22451298102867,1.71943476198019,1.71635651136538
0.1,0.540529503522612,0.513581888479185,0.00247192890877316,0.711864460161868,0.887871128511337,0.968555351791828,-0.052537420268015,2.26840686511378,2.24145925007035,1.73034929049994,1.72787736159116
0.1,0.510002196807485,0.510799890680604,0.0053094668715251,0.310075932455363,0.967149014824022,0.942776379945925,-0.0068078640860882,2.23425311231852,2.23505080619164,1.72956038238256,1.72425091551104
0.1,0.405745822099965,0.50952922023597,0.00365635366261374,0.300407342149801,0.911729710506282,0.961234021073833,0.189564598200675,2.13605907421064,2.23984247234665,1.73396960577329,1.73031325211068
0.1,0.951988600612276,0.506868291641347,0.00445003164006188,-0.150087695398755,0.885498340337375,0.955515813344122,-0.413506698080146,2.68600073829075,2.24088042931982,1.73846216931854,1.73401213767848
0.1,0.874310949661948,0.508528235203885,0.00376513813205722,0.0136988436784363,0.793327610677602,0.920377103262895,-0.467613028806207,2.60153748109468,2.23575476663661,1.73099166956478,1.72722653143273
0.1,0.3451115169364,0.5131551162123,0.0020893651500714,0.749860659370747,0.938342198007268,0.990932122467995,0.352774817969026,2.06992578069477,2.23796937997067,1.72690362890844,1.72481426375837
0.1,0.300547101608518,0.51275353229954,0.000740740020323716,0.740156393961747,0.897201509630709,0.942832203526655,0.409460807842539,2.04614940917817,2.25835583986919,1.74634304758998,1.74560230756965
0.1,0.295579349953615,0.506906020593606,0.00341761638688212,0.618337047149354,0.945705956259749,0.972804248624101,0.409507793507623,2.02468429146967,2.23601096210966,1.73252255790293,1.72910494151605
0.25,1.4556781101277,1.27125547015672,0.00830660805184692,0.522079995436575,0.778835015343295,0.934515042977995,-0.138073875742946,3.19040638895752,3.00598374898654,1.74303488688166,1.73472827882981
0.25,0.986854644023483,1.28317645426985,0.0078065193391115,-0.0997457798928114,0.821400954339295,0.980386238887528,0.346681870998769,2.70396779012882,3.00028960037518,1.72491966544445,1.71711314610533
0.25,1.11227903021339,1.27495978431751,0.0065471862628465,0.460932794311538,0.853878098058893,0.975986235610107,0.144998083490516,2.84647438759961,3.00915514170373,1.74074254364906,1.73419535738621
0.25,1.67040011488284,1.27708530013781,0.00357522877578383,0.444056958934571,0.810431797472703,0.944217772265783,-0.412258091814673,3.40201299100882,3.00869817626378,1.73518810490176,1.73161287612597
0.25,1.00416376554849,1.27057167310303,0.00519573740756217,0.378931704363325,0.862344524539348,0.969400305817567,0.30978840231189,2.73453746201453,3.00094536956907,1.7355694338736,1.73037369646604
0.25,1.18132985579207,1.2777193031482,0.0103439008828282,0.499377902293849,0.871452127543456,0.960957893180179,0.133072768077337,2.90626683517497,3.0026562825311,1.73528088026573,1.7249369793829
0.25,1.55428958553036,1.27477631263226,0.00893137773622607,0.0131106114925258,0.87487191360295,0.967251910484546,-0.240405973864541,3.28614108770858,3.00662781481049,1.74078287991445,1.73185150217822
0.25,2.31370103039134,1.26780534917609,0.00924749931954308,-0.0767972069722906,0.851887076763023,0.988102622382591,-0.720269982333493,4.04226229414354,2.99636661292829,1.73780876307175,1.7285612637522
0.25,1.08351140606749,1.27614795815994,0.00399652537319968,-0.172458494931287,0.824566562171603,0.984479482678396,0.271058887224715,2.82733709856428,3.01997365065673,1.74782221786999,1.74382569249679
0.25,1.56978476212786,1.27725584883746,0.00650649847190481,0.508558979777214,0.864197676777159,0.976210205675101,-0.346501881549392,3.30538991897965,3.01286100568925,1.74211165532369,1.73560515685179
0.5,4.1354584237479,2.55933107916947,0.0257634549959455,-0.0270614404509622,0.633930324944949,0.970623778743718,-0.67654450526453,5.85533610536934,4.27920876079092,1.74564113661739,1.71987768162145
0.5,1.51551196405396,2.55175320595001,0.0137934103750388,0.43087880629343,0.781237083983224,0.990243120783445,0.679702713504049,3.23777193409939,4.27401317599544,1.73605338042047,1.72225997004543
0.5,3.14720686527687,2.54731861363527,0.0218594653182196,0.0611632803538481,0.574363705471899,0.977165886898504,-0.507682815747501,4.87851511297933,4.27862686133773,1.75316771302068,1.73130824770246
0.5,2.84278139015192,2.55482623281213,0.019223164626806,0.0163796661335516,0.488087387576436,0.953974970861621,-0.331517668042024,4.56774168726912,4.27978652992933,1.74418346174401,1.7249602971172
0.5,2.61925730237056,2.54965606418723,0.0178369298317215,0.125878151872312,0.650298570610943,0.979092000400616,-0.0872433891367764,4.3421442058467,4.27254296766337,1.74072383330786,1.72288690347614
0.5,1.71819244347355,2.5497943684542,0.0203251614769583,0.190997406996653,0.651270630508805,0.981229534952826,0.702376550398782,3.44867321003633,4.28027513501698,1.75080592803974,1.73048076656278
0.5,3.43246106248268,2.54296344517607,0.0205453535153329,-0.158264711557438,0.638617927341365,0.952640078885936,-0.682836844791672,5.17038052326991,4.28088290596331,1.75846481430257,1.73791946078724
0.5,2.72893954502744,2.56117584247156,0.0241763425608365,0.454408286063572,0.759824886703625,0.965419078907036,-0.221998709845894,4.43891930694948,4.27115560439361,1.73415610448288,1.70997976192205
0.5,1.96969188443098,2.54564969527288,0.0248734102911586,0.442337962660112,0.827402120663926,0.98631936437593,0.555244429363917,3.70796101219581,4.28391882303772,1.76314253805599,1.73826912776483
0.5,1.16705212257508,2.54022121296588,0.0191138228563557,0.472481882553272,0.709752894908278,0.959821017196614,0.771316786876871,2.89162988800748,4.26479897839828,1.74369158828875,1.7245777654324
0.75,4.16749460859938,3.82319446763592,0.0568155021262958,-0.0254029339567,0.435167389920693,0.950792168400217,-0.326163165502142,5.90097558550639,5.55667544454292,1.7902964790333,1.73348097690701
0.75,1.21126706402804,3.82023827242446,0.0620279282653253,0.0539825401790452,0.537912236166544,0.968067867769787,0.855259875317933,2.93622746962705,5.54519867802346,1.78698833386433,1.72496040559901
0.75,4.24135456570006,3.82271926744284,0.057681970166907,0.511715391208954,0.608667912243914,0.94848340373225,-0.485197985770823,5.96292694727462,5.5442916490174,1.77925435174147,1.72157238157456
0.75,1.76966100524813,3.81565233248939,0.0649670145270076,0.0623221468263551,0.489301148864821,0.964379219641942,0.725818719196268,3.5109559999664,5.55694732720766,1.80626200924527,1.74129499471826
0.75,1.59656250579774,3.81661792996198,0.0620824237843846,0.395847850033413,0.343162925439522,0.897092806138243,0.569703147879646,3.33466746041905,5.55472288458329,1.80018737840569,1.73810495462131
0.75,2.04809064397742,3.8317313147458,0.0556115016237032,0.298112127764876,0.448357425449958,0.965670962124373,0.581040887790138,3.7746777001643,5.55831837093268,1.78219855781058,1.72658705618688
0.75,4.59318826456849,3.8346574899145,0.0619125077459133,0.139649542366288,0.580221217634622,0.980738716758394,-0.681632119731906,6.31931768071836,5.56078690606437,1.78804192389578,1.72612941614987
0.75,3.33571544749493,3.81301746898277,0.0503409705750261,0.259350924038934,0.53867610243589,0.948758434632075,0.361764425347931,5.07632214486342,5.55362416635126,1.79094766794352,1.74060669736849
0.75,2.60086074017179,3.83434980687776,0.069407328894119,0.00678864154981346,0.619511217770182,0.901061399848853,0.729390369279486,4.31747137320752,5.55096043991349,1.78601796192985,1.71661063303573
0.75,4.25880460394122,3.85017794205652,0.0644410468890477,0.143399615555868,-0.0353663972408113,0.939005692630169,-0.322313179609157,5.96710431182989,5.55847764994518,1.77274075477771,1.70829970788866
0.9,4.54416680225819,4.5907601370769,0.186997974460774,1.44579588214399e-05,0.0494924658077432,0.962372772121702,0.0858041669424075,6.27111045632448,6.31770379114319,1.91394162852707,1.72694365406629
0.9,2.74377416783143,4.56221815377463,0.182191002125538,0.262701714751987,0.453802035135064,0.938865349626993,0.779414404137393,4.49813314001434,6.31657712595753,1.93654997430844,1.7543589721829
0.9,3.79732242893734,4.61576083314781,0.191402148845081,0.127910341775924,-0.164449257983759,0.959777677043044,0.577921878639314,5.50373813304711,6.32217653725758,1.89781785295485,1.70641570410977
0.9,4.43091868639325,4.58023618610434,0.182563223617114,-0.091476833187095,0.15126325680474,0.92854264721383,0.268057305087345,6.17978673228146,6.32910423199254,1.93143126950532,1.74886804588821
0.9,4.75002890540589,4.56377754067856,0.19283841431845,0.383831615693443,0.499579991547221,0.933720450392196,-0.320388645056483,6.5147569670207,6.32850560229336,1.95756647593326,1.76472806161481
0.9,3.5686852432189,4.62469796598469,0.192882599255303,-0.097599862922256,-0.0818890298092237,0.88932041305995,0.698373644431067,5.2671484714945,6.32316119426029,1.8913458275309,1.6984632282756
0.9,4.66854818978226,4.60071345878887,0.180374795412582,0.288197395032474,0.536002146599796,0.94306267453087,-0.0861956673519821,6.38768072134153,6.31984599034814,1.89950732697186,1.71913253155927
0.9,4.42288328528275,4.59816443006684,0.181443412027549,0.250102090685408,-0.0197721635914851,0.934569597067644,0.24356693437709,6.15713843488262,6.33241957966671,1.91569856162742,1.73425514959987
0.9,4.78145211486253,4.63015330869688,0.194412595243593,-0.0517660937846786,-0.17231328396685,0.953753455012364,-0.154197161357642,6.48087545610838,6.32957664994273,1.89383593648944,1.69942334124585
0.9,3.23297959796167,4.57589237406353,0.179003531736917,-0.11010465833212,0.679684068897339,0.953282602795622,0.64369444086297,4.98458023264603,6.32749300874789,1.93060416642127,1.75160063468436
0.99,4.99447435574349,4.97821797599443,0.971889028028835,0.0352932187973391,0.141898230649239,0.86328053567812,-0.103645070336332,6.76017279750447,6.7439164177554,2.73758746978981,1.76569844176098
0.99,5.06369179363904,4.97767126147787,0.972201787650232,0.463411787984727,0.335003237975136,0.577706863326778,-0.250348112618702,6.83895586459962,6.75293533243845,2.74746585861081,1.77526407096058
0.99,4.97245874584172,5.01280194760771,0.981247650321953,-0.0929611084125503,0.0969057105229043,0.786106088547561,0.215621250817327,6.72893238617126,6.76927558793726,2.7377212906515,1.75647364032955
0.99,4.60329116780391,5.02903255735529,1.0180857013605,0.167309961246293,0.0577030227942717,0.581506129193815,0.140459191972577,6.33132831043447,6.75706969998585,2.74612284399106,1.72803714263056
0.99,5.03046337139128,5.02169717964487,1.04446227149258,0.029830746567319,-0.0161639103447823,0.645117842658094,-0.0167089754207397,6.75381867562664,6.74505248388023,2.76781757572794,1.72335530423535
0.99,5.04005723058824,5.02202495243737,1.04010554583498,0.263128431910373,0.205879878201425,0.565219555432101,-0.102910466345878,6.75002715386034,6.73199487570948,2.75007546910709,1.70996992327211
0.99,4.9978048578895,5.06702239180511,1.00459771938424,-0.44202582561511,-0.214662524251297,0.532614799463227,0.321338500363008,6.66560185560661,6.73481938952222,2.67239471710135,1.66779699771711
0.99,3.50790583600663,5.02968563539054,1.06321588810459,0.147642447170767,-0.132335441591487,0.125775538958804,0.47970390480969,5.22795124932144,6.74973104870534,2.7832613014194,1.7200454133148
0.99,4.89749540439682,4.86786026957157,1.059165268008,-0.0164476223066057,-0.0648808677477363,0.59730658051287,-0.222796870389885,6.7712649545668,6.74162981974155,2.93293481817798,1.87376955016998
0.99,5.04454315817285,5.02884830717286,1.02173862677313,0.618139725530906,0.739887798950722,0.685265216982799,-0.050782811901921,6.76199512232417,6.74630027132419,2.73919059092446,1.71745196415133
